File,Time,Latitude,Longitude,Altitude,ENL,terrain_elev_at_first_engine_event (ft),dynamic_AGL_at_first_engine_event (ft),Terrain_EPQS,Terrain_DIFF
23DVALM1.igc,214425,28.15285,-81.9439,148,2,129.1,651.74,128.84211764656968,0.2578823534303183
17TV6TG1.igc,175846,30.202183333333334,-95.96296666666667,38,0,286.7,-89.85,288.16239085177364,-1.4623908517736481
938V1KO1.igc,212208,28.423266666666667,-81.83186666666667,391,4,126.77,1444.75,113.6555169899948,13.114483010005202
13EVAAW2.igc,170657,28.4033,-81.83783333333334,-48,0,110.43,-100.59,111.43277993067825,-1.0027799306782441
23DV7EO1.igc,192232,28.40285,-81.83776666666667,-108,0,110.34,-93.93,111.38125398086667,-1.0412539808666708
35FVQ8L1.igc,190959,41.07865,-77.45198333333333,305,3,757.73,361.03,745.7862552004613,11.943744799538763
16HVA9T1.igc,190154,41.59455,-74.46286666666667,150,1,543.44,-110.37,548.0226306600831,-4.582630660083055
16DVABZ1.igc,200813,41.779066666666665,-122.46871666666667,803,7,2636.18,-73.84,2645.4213505819584,-9.241350581958613
73FVJD21.igc,173957,28.4047,-81.8377,-41,0,112.4,-20.54,112.72097870549639,-0.32097870549638685
73GV6TG1.igc,170757,28.40505,-81.83773333333333,-96,0,112.58,2.25,113.15021977238172,-0.5702197723817193
988VA971.igc,183832,29.216216666666668,-99.7462,291,2,936.33,-1.29,938.8450862930417,-2.5150862930416906
2024-06-17-NAV-180741-01.igc,201012,32.768366666666665,-103.21105,1196,11,3690.4,-35.55,3690.843274737558,-0.443274737558113
13FVAAW2.igc,170012,28.403533333333332,-81.83781666666667,-37,0,110.56,-100.71,111.50046327273913,-0.9404632727391231
17UVAGO1.igc,171308,30.2027,-95.96295,29,0,288.04,-91.19,287.92692590329386,0.11307409670615698
439z5ay1.igc,171208,28.404083333333332,-81.8377,-41,0,110.97,20.27,111.62787016329908,-0.65787016329908
839V6TG1.igc,175644,28.404916666666665,-81.83768333333333,-40,0,112.49,-7.5,113.07518987824848,-0.5851898782484852
55MV0XL1.igc,174942,43.659666666666666,-93.35095,647,7,1255.94,1191.56,1248.343600275078,7.596399724922094
463VAUO1.igc,182234,31.997666666666667,-83.74593333333334,424,4,316.69,1107.19,317.98343724896046,-1.2934372489604584
674V1JO1.igc,161857,43.34518333333333,-72.51533333333333,165,1,559.12,24.87,562.475527841736,-3.355527841736034
13CC4A41.igc,190441,28.537483333333334,-81.9148,729,8,101.07,2625.3,102.04373083101608,-0.9737308310160842
13EC4A41.igc,171749,28.410216666666667,-81.86278333333334,1062,11,107.13,3738.02,106.96127375412549,0.16872624587450957
2023-08-05-XNA-150763-01.igc,222843,30.2601,-95.98816666666667,370,3,279.63,967.09,274.02748524197636,5.602514758023631
93DV7CD1.igc,211949,28.007083333333334,-81.54955,153,2,103.94,680.18,85.02457357708548,18.91542642291452
177VAAW1.igc,184037,39.74245,-111.87008333333333,1467,15,4990.32,-52.66,4993.05801149373,-2.7380114937304825
33BV83L1.igc,184959,28.40505,-81.8424,994,9,114.84,3143.03,113.96546115345633,0.8745388465436719
23HV7H21.igc,202051,28.734483333333333,-81.92193333333333,150,1,92.46,468.57,92.08360350769884,0.37639649230115424
23EV7EO1.igc,171258,28.4031,-81.83776666666667,-110,0,110.34,-107.05,111.49786006727525,-1.1578600672752515
13DVAAW2.igc,180529,28.403283333333334,-81.8379,-69,0,110.43,-90.75,110.97346433199064,-0.5434643319906343
36IV8101.igc,193833,32.80505,-103.1795,1542,15,3695.4,1494.89,3696.3732843469334,-0.9732843469332693
18KV7H21.igc,181230,29.2166,-99.7464,255,2,936.81,-57.55,939.5012943422557,-2.6912943422557873
03JV7CD1.igc,162428,28.407733333333333,-81.83771666666667,-98,0,116.96,-103.84,117.69875830376172,-0.7387583037617276
16FV7EK1.igc,190709,47.31186666666667,-119.51758333333333,321,3,1254.87,-37.68,1258.1807136148,-3.310713614800079
56GV77I1.igc,195426,47.31261666666666,-119.51656666666666,383,3,1256.56,-39.37,1260.1756701878248,-3.6156701878248896
439V0W41.igc,170436,28.40515,-81.83773333333333,-36,0,112.58,21.93,113.19055694230768,-0.6105569423076815
466V7SK1.igc,183520,38.99825,-119.74876666666667,1393,14,4709.1,-89.68,4713.601490982881,-4.5014909828805685
464g8xi1.igc,202928,32.294533333333334,-84.00821666666667,395,3,333.73,945.8,337.9174338120452,-4.187433812045185
174VACN1.igc,185759,39.74176666666666,-111.87008333333333,1470,15,4991.8,-37.73,4994.934321967158,-3.13432196715803
13HVAAW2.igc,175811,28.408816666666667,-81.83753333333334,-2,0,115.89,-89.64,116.36907093837709,-0.4790709383770917
173VAAW1.igc,204152,39.72996666666667,-111.87006666666667,1471,15,5016.24,-52.33,5018.360368612461,-2.1203686124608794
16FV1I31.igc,193151,47.3121,-119.51728333333334,334,3,1255.28,-57.78,1258.5500684363305,-3.2700684363305754
16KVABZ1KW.igc,201350,41.773066666666665,-122.47026666666666,803,7,2628.32,-59.43,2639.1488266476413,-10.828826647641108
174V7R11.igc,232921,39.25516666666667,-112.88793333333334,1891,19,4557.43,1794.28,4559.645911318769,-2.215911318769031
864V6XB2.igc,203815,31.67825,-83.2743,371,3,352.71,910.41,355.6030367205042,-2.893036720504199
45VV40R1.igc,235338,39.01781666666667,-119.74078333333334,1757,17,4728.28,1068.97,4732.442291392217,-4.162291392217412
2024-06-02-NAV-40M-01.igc,205333,31.8322,-83.71813333333333,416,4,377.99,1042.62,379.8270910258576,-1.8370910258576032
38IVAQD1.igc,173247,29.2127,-99.74431666666666,257,2,931.37,-84.92,932.2834062930417,-0.9134062930417031
56SV1IB1.igc,182005,32.70348333333333,-103.17033333333333,2525,27,3633.03,5254.76,3632.8983217875198,0.13167821248043765
46NV8J41.igc,200600,32.77115,-103.19128333333333,1409,14,3682.66,1159.86,3682.0007861671975,0.6592138328023793
17VV6TG1.igc,180858,30.202416666666668,-95.96295,38,0,287.79,-94.22,287.97561085235833,-0.18561085235830888
56RV1IB1.igc,184916,32.74346666666667,-103.19213333333333,1198,12,3662.85,539.9,3663.458753657842,-0.608753657842044
18GVAA21.igc,182253,29.2117,-99.74373333333334,296,2,929.81,-7.89,931.5288771711278,-1.718877171127815
56IV77I1.igc,200437,47.312666666666665,-119.51665,412,3,1256.56,-22.97,1260.110089434414,-3.550089434414076
467V8KR1.igc,192257,31.781766666666666,-83.09016666666666,285,2,243.4,606.34,239.0516663012279,4.348333698772109
38GV7SK1.igc,173245,29.21375,-99.74591666666667,252,2,931.25,-78.23,933.8582455363501,-2.6082455363500685
339V8KR1.igc,215919,28.390216666666667,-81.8449,537,5,108.51,1804.22,108.33980876871105,0.1701912312889533
461V7SK1.igc,203358,38.998083333333334,-119.74888333333334,1413,14,4708.13,-55.9,4714.542249425058,-6.41224942505778
83BV66G1.igc,185930,28.50835,-82.0834,227,2,103.4,634.79,84.76282000571724,18.63717999428276
659V20M1.igc,192347,34.94858333333333,-80.21781666666666,709,8,387.78,2250.01,352.8663417772869,34.91365822271308
484VAMI1.igc,200617,30.2326,-96.17931666666667,300,2,245.98,698.9,244.54815963656446,1.4318403634355263
63FV7H21.igc,202112,27.942833333333333,-81.58961666666667,207,2,203.27,649.74,203.22328502020528,0.046714979794728606
54LV1OL1.igc,174246,33.63021666666667,-81.32638333333334,127,1,422.42,0.8,426.29563702072505,-3.875637020725037
05GLGM71.igc,161421,40.63016666666667,-77.63968333333334,687,7,1386.13,1143.4,1357.7810606832445,28.348939316755605
73HVJD21.igc,172833,28.40355,-81.83775,-91,0,110.56,-15.41,111.44383103667492,-0.8838310366749198
63CV7RZ1.igc,175420,28.4091,-81.83743333333334,-25,0,115.82,2.29,115.73377614114476,0.08622385885523443
64JV7TG1.igc,180037,33.63016666666667,-81.32621666666667,64,1,422.42,0.8,427.17176587750134,-4.751765877501327
18JVACN1.igc,182805,29.21695,-99.74661666666667,265,2,937.06,-77.48,940.1902427074779,-3.130242707477919
43TV7H21.igc,173316,28.4308,-81.86171666666667,1018,11,120.21,3498.56,107.85980519692048,12.350194803079518
56NV7MN1.igc,192747,32.77185,-103.21531666666667,1040,11,3692.59,24.61,3697.9860703171776,-5.3960703171774185
36SVAP11.igc,191905,47.31205,-119.51738333333333,369,3,1254.94,-57.43,1258.4434371304249,-3.5034371304247998
181VAGO1.igc,181445,30.2027,-95.96295,46,0,288.04,-78.07,287.92692590329386,0.11307409670615698
38OVAQD1.igc,174019,29.213183333333333,-99.74456666666667,238,2,930.16,-77.14,932.4803488059057,-2.3203488059057236
17lc48c1.igc,204602,41.7862,-111.85508333333334,1348,13,4445.55,13.11,4447.984812739052,-2.4348127390521768
26ae6ab1.igc,220820,38.993183333333334,-119.7519,1388,14,4711.29,-6.56,4715.6127676515725,-4.322767651572576
16HV7EK1.igc,213131,47.31256666666667,-119.5166,318,3,1256.56,-68.9,1260.0293900617528,-3.469390061752847
25tz1fy2.igc,172721,42.93783333333333,-85.0609,284,2,800.76,39.14,804.604333306393,-3.8443333063929686
18LVACN1.igc,182612,29.21685,-99.74653333333333,271,2,937.06,-77.48,940.0918215101027,-3.031821510102759
54OV1OL1.igc,165718,33.627516666666665,-81.33691666666667,88,1,418.05,-4.67,419.3519866640138,-1.301986664013782
43DV1OL1.igc,184005,28.404066666666665,-81.83788333333334,-10,0,110.97,20.27,111.05716740225444,-0.08716740225443687
16GV8AW1.igc,195217,47.3126,-119.51663333333333,272,3,1256.56,-65.62,1259.9637091836667,-3.403709183666706
03DVABC1.igc,204433,28.438416666666665,-81.8308,441,5,149.03,1589.82,110.67330721936725,38.356692780632756
25B_057.igc,184139,35.22535,-84.58575,170,1,757.32,-107.72,761.2910977372986,-3.971097737298578
468g8fa1.igc,214310,47.31256666666667,-119.51703333333333,374,3,1256.56,-72.18,1259.3177137069583,-2.757713706958384
94OV83L1.igc,211731,33.644983333333336,-81.67453333333333,288,2,531.51,429.78,529.0905678724987,2.4194321275012953
162V7VE1.igc,195415,39.000683333333335,-119.75208333333333,1384,14,7361.99,1965.44,4709.510052817178,2652.479947182822
36RVAP11.igc,203619,47.312466666666666,-119.5168,404,3,1256.56,-65.62,1259.5687227996361,-3.008722799636189
53KV1OL4.igc,174206,28.404916666666665,-81.83781666666667,-2,0,112.58,18.65,112.88983663740903,-0.30983663740903467
18KVACN1.igc,174951,29.21688333333333,-99.74653333333333,276,2,937.06,-67.63,939.96066,-2.9006600000000162
25A_057.igc,193221,35.22508333333333,-84.58586666666666,160,1,758.29,-125.09,761.1728521298402,-2.8828521298402165
86MV7DX1.igc,205439,38.40005,-112.21713333333334,1872,19,6098.31,368.23,6102.034396098427,-3.7243960984269506
63GVJZT1.igc,173722,28.40501666666667,-81.83768333333333,-6,0,112.49,12.18,113.2158380717256,-0.7258380717256046
16JVAHZ243.igc,222218,41.77328333333333,-122.47031666666666,820,7,2843.41,2756.99,2638.897917679639,204.51208232036106
46PVAAW1.igc,182854,32.770983333333334,-103.21423333333334,1097,11,3692.59,-70.54,3696.321620726514,-3.7316207265139383
469V7SK1.igc,193643,38.998216666666664,-119.74868333333333,1410,14,4709.1,-76.56,4713.618311695361,-4.518311695360353
16RVACN1.igc,201052,39.73063333333333,-111.87008333333333,1461,15,5013.62,-52.99,5016.92139667337,-3.301396673369709
484V23H1.igc,180743,42.09376666666667,-76.89916666666667,1158,12,916.22,3053.59,870.370467195686,45.84953280431398
23HVABC1.igc,190425,28.588616666666667,-81.8978,240,2,153.35,702.95,158.76412586785344,-5.414125867853443
339V83L1.igc,195342,28.36985,-81.85793333333334,1083,11,126.47,3626.81,103.01872517980121,23.45127482019879
16SVADX1.igc,185948,39.73161666666667,-111.87008333333333,1477,15,5011.48,-44.29,5015.117174971933,-3.637174971933746
47OLNKB1.igc,175312,32.384166666666665,-97.01163333333334,163,1,665.65,-39.01,668.8513681978625,-3.2013681978625073
2023-06-10-NAV-160520-01.igc,211612,31.90063333333333,-83.26238333333333,291,2,256.13,587.04,259.30725887525983,-3.177258875259838
961V20M1.igc,171930,31.993266666666667,-83.77051666666667,80,0,301.08,4.04,305.30389876578744,-4.223898765787453
56PV1IB1.igc,184912,32.88295,-103.15458333333333,2097,22,3711.99,3653.5,3712.3974163328025,-0.407416332802768
2023-06-09-XNA-150763-01.igc,211717,31.851116666666666,-83.60298333333333,311,2,403.95,501.56,405.0208644370452,-1.070864437045202
33FV7801.igc,204845,28.71555,-82.02648333333333,173,2,83.96,611.58,85.83745580454128,-1.8774558045412846
2021-07-04-LXV-59J-01.igc,231229,39.00265,-113.36043333333333,2190,22,4848.23,2615.68,4848.642979985967,-0.41297998596746766
38EVAKJ1.igc,184724,29.1954,-99.69076666666666,749,8,922.09,1755.08,922.4409864144361,-0.35098641443607903
38LV7SK1.igc,174908,29.213916666666666,-99.74603333333333,258,2,933.04,-76.75,934.1207688059056,-1.0807688059056773
46MVAAW1.igc,184832,32.77118333333333,-103.21456666666667,1058,11,3692.59,-63.98,3696.708497123408,-4.118497123407906
73GV6XB1.igc,194946,28.452116666666665,-81.86818333333333,177,2,111.72,833.17,106.45665236658651,5.263347633413488
06ua11h1.igc,193257,47.30458333333333,-119.56153333333333,915,9,1240.0,1843.99,1242.7584227308666,-2.7584227308666414
17klclo1.igc,203422,41.7885,-111.85998333333333,1378,14,4440.66,214.85,4444.837737454619,-4.177737454619091
18HV7H21.igc,190112,29.216533333333334,-99.74635,271,2,936.81,-44.42,939.3044519507862,-2.4944519507862424
362VAGO2.igc,163250,31.9876,-83.77843333333334,88,0,299.53,-86.28,303.4014060507082,-3.871406050708231
45VV7SK1.igc,202006,38.99265,-119.75191666666667,1395,14,4711.24,-75.41,4716.022472159433,-4.782472159433382
56HV1JE2.igc,194132,47.312533333333334,-119.51665,383,3,1256.56,-42.65,1259.898128426975,-3.3381284269751177
2024-06-04-NAV-180804-01.igc,181940,31.866933333333332,-83.34951666666667,257,2,272.31,570.87,272.2944261674896,0.015573832510426655
986VA971.igc,192657,29.216683333333332,-99.74648333333333,292,2,938.31,-6.55,939.5668750956667,-1.2568750956667145
575_016.igc,202602,39.056133333333335,-119.68061666666667,3376,35,5284.51,6398.56,5286.655545137539,-2.1455451375386474
78SV0XR1.igc,181708,41.59186666666667,-74.46623333333334,136,2,548.2,193.27,548.8482473203612,-0.6482473203611789
63GV7DX1.igc,211916,28.233333333333334,-81.96341666666666,179,2,114.39,640.2,114.97492920413201,-0.5849292041320098
43DV7H21.igc,200256,28.63285,-81.88205,43,1,98.77,262.12,97.35447526757409,1.415524732425908
56JV1JE1.igc,191427,47.311483333333335,-119.51783333333333,363,3,1254.61,-27.58,1257.8482041651832,-3.2382041651833333
23DV7CD1.igc,190934,28.411183333333334,-81.8269,136,2,120.31,693.34,120.58727770393712,-0.27727770393711637
359V6YH1.igc,165038,34.61025,-80.45016666666666,112,1,497.47,37.31,498.8176400304054,-1.3476400304053868
26AV23H1.igc,162902,41.60593333333333,-74.44933333333333,499,4,606.09,965.43,545.9251978993958,60.16480210060422
55MV2JT1.igc,180829,43.6858,-93.36995,293,3,1253.12,0.16,1256.3238270593165,-3.203827059316609
56KV77I1.igc,203120,47.31275,-119.51655,376,3,1256.56,0.0,1260.2500617945361,-3.6900617945361773
53EV1OL1.igc,165957,28.4091,-81.83763333333333,-20,0,115.82,-0.99,115.52824805714005,0.2917519428599462
13HC4A41.igc,172858,28.466266666666666,-81.87735,1118,12,122.4,3978.65,106.7529922776442,15.64700772235581
572_016.igc,205140,39.00745,-119.75756666666666,2694,28,4695.85,4674.23,4697.818055385947,-1.968055385947082
08KVACN1.igc,183159,29.2157,-99.74698333333333,309,2,936.59,-67.16,937.6968723914696,-1.106872391469551
171VAAW1.igc,184040,39.7396,-111.87006666666667,1450,15,4996.72,-55.77,4999.570831328125,-2.8508313281245137
38GVAQD1.igc,173346,29.2131,-99.74453333333334,249,2,930.16,-73.86,932.4803488059057,-2.3203488059057236
14NVAGO2.igc,172001,33.6304,-81.32535,44,0,428.97,-107.45,430.57650845036386,-1.6065084503638332
2024-03-20-NAV-170863-01.igc,181818,28.428016666666668,-81.82801666666667,976,10,114.08,3176.61,113.38507146624869,0.6949285337513089
254_008.igc,190105,35.2681,-84.51633333333334,892,9,2157.07,880.99,2122.504234652417,34.56576534758324
966V6O12.igc,173122,41.59445,-74.46296666666667,207,1,543.44,11.02,548.0305904634876,-4.590590463487501
03FV83L1.igc,171130,28.41755,-81.84985,1050,11,140.75,3750.32,109.93920325230636,30.810796747693644
16SV7SY1.igc,185250,39.734233333333336,-111.914,1940,20,5170.18,1542.42,5176.193923584395,-6.013923584394433
571V1IB1.igc,190238,32.76845,-103.16183333333333,1687,17,3660.51,2202.35,3661.552806690683,-1.0428066906829372
73GVJD21.igc,170506,28.405166666666666,-81.83783333333334,-84,0,112.58,8.81,112.93273946686591,-0.35273946686591273
178VAAW1.igc,205938,39.72958333333333,-111.8701,1488,15,5016.4,-52.49,5018.987140414014,-2.587140414014357
967V23H1.igc,173124,41.59003333333333,-74.46391666666666,334,3,564.91,560.42,536.5461486130457,28.363851386954252
2021-06-27-NAV-569-01.igc,201220,39.8249,-111.91465,3592,38,5417.88,7072.28,5414.546228695264,3.3337713047358193
04JC4A41.igc,175319,33.6755,-81.32525,679,7,349.52,2006.13,319.6803518144166,29.83964818558337
56U_016.igc,214805,39.19116666666667,-119.51865,4047,43,6330.42,7885.46,6338.3385791686915,-7.918579168691394
16EV8AW1.igc,210400,47.3127,-119.51655,372,3,1256.56,-65.62,1260.273490643711,-3.7134906437111113
33ez5ay1.igc,183515,28.404166666666665,-81.83783333333334,-50,0,110.97,-5.98,111.6436646126234,-0.6736646126233978
54MV1OL1.igc,171326,33.62988333333333,-81.32723333333334,125,1,417.71,-17.45,423.6399668504418,-5.929966850441815
26BVA9T1.igc,193351,41.7594,-74.393,701,6,1032.91,1201.34,976.5429070859863,56.367092914013824
38LVAQD1.igc,174523,29.21295,-99.74443333333333,250,2,932.35,-79.33,932.3819276085304,-0.031927608530395446
439C3CB2.igc,174446,28.4038,-81.83776666666667,-27,0,111.78,48.98,111.54825962925548,0.23174037074451803
17VVAGO1.igc,180951,30.202583333333333,-95.96295,39,0,288.04,-74.79,287.8852495830626,0.15475041693741787
43dC3CB1.igc,173304,28.405266666666666,-81.83761666666666,-15,0,112.49,38.43,112.82894916170736,-0.33894916170736167
184VAGO1.igc,181227,30.194283333333335,-95.96340000000001,58,0,308.03,-101.34,309.85998409202836,-1.8299840920283827
181V6TG1.igc,181349,30.202483333333333,-95.96296666666667,42,0,287.79,-94.22,287.9496038272479,-0.15960382724790634
25UV18Y1.igc,182213,42.93761666666666,-85.06073333333333,270,2,799.2,11.17,801.9519171421193,-2.7519171421192823
16LVABZ1KW.igc,204014,41.7733,-122.47018333333334,801,7,2629.89,-67.55,2639.4856413992334,-9.5956413992335
2024-06-01-NAV-569-01.igc,194347,38.996766666666666,-119.74725,1409,14,4713.17,-110.15,4718.201154971934,-5.031154971933574
08HVAAW2.igc,180742,29.21535,-99.74675,220,2,936.57,-90.12,937.1390855363501,-0.5690855363500305
35MV7801.igc,163040,40.6715,-77.62301666666667,341,3,799.68,476.57,802.5753348162681,-2.8953348162681323
38IV7SK1.igc,173015,29.21335,-99.74573333333333,266,2,931.72,-81.99,933.1037164144361,-1.383716414436094
73BVJD21.igc,183824,28.40438333333333,-81.83778333333333,-17,0,112.36,-10.65,112.24555577361619,0.11444422638381013
16KVAHZ143.igc,200928,41.773633333333336,-122.47013333333334,812,7,2630.01,-80.8,2640.338691839917,-10.3286918399167
16CVAHZ1 - 43.igc,202149,41.7905,-122.46576666666667,794,7,2644.63,-69.17,2652.7677969390916,-8.137796939091459
86GV2291.igc,164003,41.59461666666667,-74.4628,149,1,544.63,-9.85,548.0213290589917,-3.391329058991687
23EV7CD1.igc,195703,28.35175,-81.84671666666667,131,2,109.9,634.85,110.04565934167096,-0.14565934167094952
43FV1OL1.igc,170347,28.40295,-81.83786666666667,-28,0,110.34,7.77,111.7556650263124,-1.4156650263123964
18FVACN1.igc,174327,29.214816666666668,-99.74648333333333,246,2,935.49,-72.63,935.9908716347777,-0.5008716347776954
96OV7DX1.igc,225450,32.79958333333333,-102.74546666666667,1191,12,3416.32,576.46,3415.998833501592,0.3211664984082745
864V20M3.igc,204817,31.93626666666667,-83.60803333333334,285,3,411.42,622.05,410.67099696364994,0.749003036350075
38RLNKB1.igc,193804,34.98231666666667,-106.00355,1779,18,6189.4,34.35,6193.695266557822,-4.295266557822288
83EV6XB1.igc,194835,28.364933333333333,-81.68216666666666,190,2,139.96,611.36,135.20129829297684,4.758701707023164
84EVPKC1.igc,165639,33.62985,-81.32773333333333,78,1,419.93,-59.04,422.4928042415541,-2.5628042415540904
46HVPHZ1.igc,194539,32.770783333333334,-103.2141,1170,11,3740.08,1505.98,3695.996820771895,44.08317922810511
13FV7H21.igc,205348,28.20065,-81.60205,72,1,108.27,239.5,109.65794441128509,-1.3879444112850905
03DVAAW2.igc,181922,28.404016666666667,-81.83773333333333,-39,0,110.97,-84.72,111.61623082893712,-0.6462308289371208
53FV66G1.igc,201807,28.5428,-81.87131666666667,138,1,107.6,515.76,104.12725271199324,3.472747288006758
35OV7SY1.igc,180256,40.67515,-77.6282,452,4,820.02,705.57,821.2356629921388,-1.2156629921388458
16GV7VE1.igc,195625,47.312733333333334,-119.51653333333333,279,3,1256.56,-65.62,1260.339171525078,-3.779171525078027
33gz5ay2.igc,164833,28.405333333333335,-81.83776666666667,-34,0,112.0,45.48,113.25254577303149,-1.2525457730314855
173VACN1.igc,194357,39.74231666666667,-111.87006666666667,1458,15,4991.8,-60.7,4993.787710037422,-1.9877100374214933
16FV8AW1.igc,190536,47.3123,-119.517,329,3,1256.56,-65.62,1259.0910345789696,-2.5310345789696385
16FVAHZ1.igc,191322,41.77296666666667,-122.47043333333333,717,7,2628.26,-98.73,2638.0989338187696,-9.83893381876942
257_057.igc,220159,35.1944,-84.56148333333333,973,9,2498.22,490.62,2477.804348354697,20.41565164530266
163V7VE1.igc,190059,38.998266666666666,-119.74911666666667,1399,14,4709.39,-73.56,4714.005989076533,-4.615989076532969
14MVAGO1.igc,173409,33.63033333333333,-81.32548333333334,52,0,427.95,-109.71,430.3215945511305,-2.3715945511304994
17UV8101.igc,183619,30.191833333333335,-95.98718333333333,614,6,323.15,1911.1,286.26450380941395,36.885496190586025
16SV0XL1.igc,183503,39.733266666666665,-111.86998333333334,1470,15,5008.2,-47.57,5012.030574154658,-3.8305741546582794
369c48c4.igc,210619,41.72756666666667,-122.54343333333334,788,7,2516.43,22.94,2529.2615122913526,-12.831512291352738
375g8nh1.igc,195022,47.31235,-119.51733333333334,395,3,1256.56,-78.74,1258.8261083500195,-2.266108350019522
45JV7EO1.igc,171615,39.476866666666666,-84.09098333333333,228,2,935.66,-131.85,936.1347488047363,-0.4747488047363504
13HVAGO1.igc,175838,28.408916666666666,-81.83745,1,0,115.89,-92.92,116.0726058731159,-0.1826058731159037
43NV7H21.igc,203434,28.15035,-81.64551666666667,337,2,142.11,769.97,135.36477459413985,6.745225405860168
659V7DX1.igc,173403,34.600766666666665,-80.44946666666667,302,3,492.49,747.67,489.4656740946596,3.0243259053403904
36TVAP12.igc,201253,47.31218333333333,-119.51715,362,3,1255.28,-64.34,1258.7710405398584,-3.4910405398584317
85IVEOD2.igc,193942,40.660866666666664,-77.59213333333334,593,7,738.25,1558.34,721.1626839302235,17.087316069776534
35FV7SY1.igc,175324,40.67885,-77.62468333333334,157,2,810.09,-111.27,812.7313909024168,-2.641390902416788
374g8nh1.igc,205703,47.31271666666667,-119.51696666666666,391,3,1256.56,-65.62,1259.6080712523387,-3.0480712523387865
56GV1JE2.igc,201005,47.312,-119.51771666666667,376,3,1254.92,-18.04,1258.2870445499611,-3.367044549961065
939V7CD1.igc,203456,28.737566666666666,-81.91975,81,1,95.68,370.2,93.39229627267412,2.2877037273258907
78SVPKC1.igc,174644,41.60061666666667,-74.45701666666666,54,1,534.53,26.5,538.9590198024624,-4.429019802462449
576_016.igc,202632,39.02596666666667,-119.68341666666667,3976,42,5168.08,8680.34,5183.375166507764,-15.295166507764407
46AV7SK1.igc,194802,38.9983,-119.74898333333333,1385,14,4708.01,-62.34,4713.619112679639,-5.609112679639111
15UV0S11.igc,204212,42.9452,-85.05086666666666,344,4,835.01,592.15,801.2518050298207,33.75819497017926
56UV1IB1.igc,192840,32.7697,-103.14346666666667,2495,26,3652.3,4992.72,3652.14281930623,0.15718069376998756
35hc48c3.igc,185238,36.00221666666667,-120.14121666666666,216,2,771.01,16.39,773.3215619542945,-2.3115619542944614
46IVAAW1.igc,195012,32.77161666666667,-103.21516666666666,1151,11,3692.92,-67.59,3697.563550028067,-4.643550028066784
08LVAAW3.igc,184812,29.215133333333334,-99.74668333333334,296,2,935.42,-79.12,936.4829776085304,-1.0629776085304457
35TV6WG1.igc,182534,32.4281,-111.38625,617,5,2053.96,-118.26,2053.812247890625,0.14775210937523298
08JVAAW1.igc,182027,29.215733333333333,-99.747,273,2,936.59,-73.73,937.7625532695556,-1.1725532695555785
187VAEQ1.igc,175437,30.202666666666666,-95.96295,58,0,288.04,-94.48,287.91338422635135,0.12661577364866616
171VACN1.igc,192621,39.74061666666667,-111.87006666666667,1461,15,4993.44,-55.77,4997.4610333406645,-4.0210333406648715
53JV7H21.igc,185648,28.621666666666666,-81.80063333333334,200,2,139.27,707.19,137.64648427345375,1.623515726546259
184VAEQ1.igc,163841,30.195166666666665,-95.96373333333334,64,0,308.24,-81.86,310.17907702218685,-1.9390770221868365
16IVA9T1.igc,161827,41.60021666666667,-74.4574,147,1,535.21,-105.42,539.6277933278001,-4.417793327800041
08LVJP71.igc,184350,29.2167,-99.7464,299,2,936.81,-5.05,939.4685540262473,-2.658554026247316
17SV6TG2.igc,185252,30.202666666666666,-95.96296666666667,43,0,288.04,-91.19,287.91338422635135,0.12661577364866616
35UV6WG1.igc,182622,32.43131666666667,-111.38623333333334,624,5,2047.71,-108.73,2048.7762465975834,-1.0662465975833584
86GV6O11.igc,163509,41.59616666666667,-74.46128333333333,143,1,544.88,19.42,548.2334402501624,-3.353440250162407
2023-06-05-NAV-160520-01.igc,195120,31.201983333333335,-83.63381666666666,356,3,299.39,839.06,296.09999014777156,3.2900098522284225
56HV77I1.igc,193030,47.31261666666666,-119.51656666666666,389,3,1256.56,-39.37,1260.1756701878248,-3.6156701878248896
43BV0W41.igc,192832,28.4033,-81.83778333333333,48,0,110.43,20.8,111.48685902033527,-1.056859020335267
33BVJBN1.igc,165533,28.43215,-81.82808333333334,470,5,110.8,1601.8,110.65344526335109,0.14655473664890906
38OV7SK1.igc,173618,29.214283333333334,-99.74623333333334,244,2,932.41,-82.68,934.9409788059057,-2.530978805905761
35HV7SY1.igc,190248,40.81765,-76.87108333333333,337,3,450.09,593.22,450.1494103660668,-0.059410366066799725
38KVAQD1.igc,182002,29.216783333333332,-99.74648333333333,249,2,937.06,-84.04,939.6652962930417,-2.6052962930417607
43PVALM1.igc,211137,28.36055,-82.12608333333333,319,3,117.09,968.87,71.56414851708679,45.52585148291321
15VV7VE1.igc,195454,38.99995,-119.75253333333333,1356,14,4703.08,-67.26,4709.148807982783,-6.068807982783255
56QV1IB1.igc,191342,32.67378333333333,-103.13426666666666,2434,25,3592.32,4868.97,3591.303101768808,1.0168982311920445
16KVA9T1.igc,161112,41.6003,-74.4573,189,1,535.0,-105.21,539.4806120894946,-4.480612089494571
35RV6WG1.igc,183006,32.43111666666667,-111.38698333333333,625,5,2049.74,-104.2,2050.9154808359863,-1.175480835986491
18FVAA22.igc,180455,29.18045,-99.73361666666666,486,5,899.67,770.28,897.2113188059056,2.4586811940943107
483VAA21.igc,180823,30.203433333333333,-95.9455,372,3,277.6,998.65,273.0041501140853,4.595849885914731
25kc48c2.igc,210329,36.0021,-120.14093333333334,236,2,772.33,11.79,773.5305192641307,-1.2005192641306621
43JVAP12.igc,182657,28.239916666666666,-81.7641,367,3,143.49,1165.57,136.85149282741034,6.638507172589669
18LV7H21.igc,173555,29.2166,-99.74638333333333,246,2,936.81,-60.83,939.3701328288722,-2.56013282887227
55LV7H21.igc,190401,43.675783333333335,-93.36708333333333,328,3,1256.54,0.02,1258.4651638863695,-1.9251638863695462
38OLNKB1.igc,192227,34.982366666666664,-106.00298333333333,1788,18,6191.39,12.67,6192.993202040605,-1.6032020406046286
13FC4A41.igc,171530,28.41675,-81.85018333333333,1374,14,123.3,4791.4,110.69855080613304,12.601449193866955
57ig8py1.igc,194631,39.32415,-120.13283333333334,1711,17,5889.95,-63.18,5893.053058157744,-3.1030581577442717
462VAUO1.igc,171913,31.986783333333335,-83.79226666666666,1034,11,302.29,3329.6,294.7951333573285,7.494866642671525
165V6PG1.igc,171112,32.00856666666667,-83.76943333333334,373,4,313.6,1064.35,311.5578748615839,2.042125138416111
46PV8KR1.igc,230912,33.065266666666666,-103.4486,1619,16,4053.73,1392.46,4054.602004310908,-0.8720043109078688
25C_JonathanLeal.igc,170609,35.225316666666664,-84.5857,186,2,757.53,-98.08,761.543057997986,-4.013057997986039
35MVQ8L1.igc,221639,40.1412,-77.86055,587,6,1221.62,864.99,1176.0064248566139,45.613575143386015
08JVACN1.igc,182111,29.215883333333334,-99.74706666666667,279,2,936.59,-67.16,938.1233976085304,-1.533397608530322
2021-06-28-LXV-59J-01.igc,235312,39.74218333333334,-111.91151666666667,2082,21,5153.18,1880.94,5152.004536967158,1.1754630328423445
339VJBN1.igc,190111,28.403066666666668,-81.83273333333334,996,10,139.01,3394.45,108.51502452891111,30.49497547108888
172VAAW3.igc,201726,39.74393333333333,-111.87008333333333,1460,15,4988.52,-57.41,4990.252957371817,-1.7329573718161555
985VA971.igc,184806,29.216683333333332,-99.74645,284,2,938.31,0.01,939.5668750956667,-1.2568750956667145
13DVEOY1.igc,173926,28.4047,-81.8377,-73,0,112.4,-89.44,112.72097870549639,-0.32097870549638685
43JVABZ1.igc,180320,28.43795,-81.80141666666667,773,8,116.26,2554.34,116.08878830145527,0.17121169854473806
176VACN1.igc,184710,39.73493333333333,-111.8701,1452,15,5005.41,-48.06,5009.032081837578,-3.6220818375777526
53HV1OL1.igc,172903,28.404983333333334,-81.8378,2,0,112.58,2.25,113.0725991891892,-0.49259918918920675
94MV7R11.igc,210017,33.385733333333334,-81.3639,186,2,324.72,482.36,325.2141160466152,-0.4941160466151473
08LVACN1.igc,190212,29.215683333333335,-99.74695,304,2,935.56,-79.26,937.8281340262473,-2.268134026247367
839V7H21.igc,191653,28.251033333333332,-81.723,122,2,146.43,532.71,131.1119126535863,15.318087346413705
38PVAQD1.igc,181804,29.2168,-99.7465,259,2,937.06,-80.76,939.8621386812305,-2.802138681230531
38FVAQD1.igc,173325,29.213716666666667,-99.74485,226,2,932.75,-76.45,933.3989799999999,-0.6489799999999377
83EV6TG1.igc,172722,28.404933333333332,-81.83783333333334,-30,0,112.58,-1.03,112.95545494003377,-0.37545494003377655
36ez5ay2.igc,161742,39.47708333333333,-84.09638333333334,237,2,923.49,21.39,925.8131388550222,-2.3231388550221936
53FV1OL1.igc,172419,28.408,-81.83743333333334,-25,0,117.13,7.54,116.34444060950491,0.7855593904950808
365VAUO1.igc,174415,32.008633333333336,-83.79686666666667,459,4,319.26,1229.3,315.0724777168334,4.187522283166572
99FV1KO1.igc,201243,37.4884,-80.1018,626,7,1295.45,1063.47,1268.1245583851028,27.325441614897272
45LV7EO1.igc,165322,39.47683333333333,-84.09076666666667,252,2,935.85,-109.07,936.2725184515332,-0.4225184515331648
96RV7R11.igc,225156,32.79635,-102.64165,1212,12,3345.43,899.97,3345.0955237359667,0.33447626403312825
1A2V7GT1.igc,171052,39.75885,-77.3532,80,1,555.63,-109.44,558.5323222103041,-2.902322210304078
13EVAGO2.igc,170615,28.40351666666667,-81.83771666666667,-45,0,110.56,-87.59,111.38784960115649,-0.8278496011564869
456VJBN1.igc,165737,34.59415,-80.44063333333334,536,5,480.79,1333.52,480.72641264046257,0.06358735953745054
96GV2OE2.igc,202141,32.76795,-103.27043333333333,2054,21,3746.77,3284.07,3747.588750657744,-0.8187506577442036
16FVABZ1.igc,190551,41.77305,-122.47035,709,7,2628.32,-69.27,2638.886303378086,-10.56630337808565
2021-05-17-NAV-464-01.igc,170500,43.67111666666667,-93.3648,426,4,1243.72,229.38,1246.5070387464918,-2.7870387464918167
35GVABC1.igc,210143,40.64505,-77.57631666666667,528,4,555.61,855.15,546.8968443773389,8.713155622661134
16TVAAW1.igc,190154,39.7327,-111.87006666666667,1470,15,5009.35,-45.44,5013.001369585986,-3.651369585985776
26AVA9T1.igc,163512,41.562333333333335,-74.48066666666666,796,7,614.7,1898.42,548.1717142409694,66.52828575903061
56FV1JE1.igc,204033,47.30885,-119.52173333333333,382,3,1254.92,-18.04,1259.7711720941722,-4.8511720941721705
17VVAEQ1.igc,171031,30.20085,-95.96295,46,0,289.84,-92.99,291.5140680784499,-1.6740680784499204
84UV7RZ1.igc,201402,28.40325,-81.83775,-38,0,110.43,4.4,111.35562241836668,-0.9256224183666717
33BVAGO1.igc,183920,28.403883333333333,-81.83773333333333,24,0,111.78,-101.94,111.46983806178535,0.3101619382146481
572V1IB1.igc,212938,32.79915,-103.17083333333333,2525,26,3682.02,5127.04,3682.973984554639,-0.9539845546391916
13HV6PG1.igc,192234,28.642533333333333,-81.88756666666667,142,1,145.54,320.34,106.06250451604727,39.47749548395272
23DVABC1.igc,193038,28.416716666666666,-81.82871666666666,183,2,140.53,771.55,110.58798966086279,29.942010339137212
361V6WG1.igc,182855,32.431333333333335,-111.3861,629,5,2046.57,-107.59,2048.3759536812304,-1.8059536812304486
08KVAAW1.igc,181046,29.2149,-99.74656666666667,298,2,935.42,-75.84,936.0891927074779,-0.6691927074779187
83EV7CD1.igc,194951,28.322466666666667,-81.7876,76,1,127.39,348.33,119.39413347612397,7.995866523876032
38M0JEN1.igc,195920,34.982283333333335,-106.00428333333333,1798,18,6191.81,25.38,6194.3708985249805,-2.5608985249800753
46BV7SK1.igc,185609,38.998266666666666,-119.74878333333334,1382,14,4709.1,-76.56,4713.5358101015145,-4.435810101514107
83BV7RZ1.igc,190754,28.586983333333333,-82.07225,199,1,79.75,553.45,80.63406088409565,-0.8840608840956463
339V7CD1.igc,165732,28.405466666666666,-81.83788333333334,-58,0,112.0,-72.63,112.79414380298203,-0.7941438029820347
2023-08-14-NAV-6OD-01.igc,212828,29.19098333333333,-99.73188333333333,951,11,914.6,2887.9,911.4501523914696,3.149847608530422
63CVJZT1.igc,182612,28.408833333333334,-81.83746666666667,-28,0,115.89,-1.06,116.10659773115903,-0.2165977311590268
43JVABC1.igc,174940,28.448566666666668,-81.83016666666667,613,6,124.81,2007.74,117.606081683342,7.2039183166580045
43EV1OL1.igc,164807,28.404516666666666,-81.83773333333333,-64,0,112.4,25.39,112.42294921433216,-0.022949214332157908
165VAGO1.igc,170943,31.9871,-83.77908333333333,42,0,301.64,-81.82,305.3018963018126,-3.6618963018125896
36ug8nh1.igc,204448,47.3119,-119.5179,342,3,1254.92,-57.41,1258.2124527004612,-3.2924527004611264
984VA971.igc,193449,29.216666666666665,-99.74641666666666,283,2,938.31,-16.39,939.5012943422557,-1.1912943422557873
08GVAAW2.igc,185524,29.215716666666665,-99.74693333333333,247,2,935.56,-79.26,937.5656107566916,-2.0056107566916808
35NV7SY1.igc,214141,40.80468333333334,-77.6613,626,7,1176.59,1126.56,1176.3480455269946,0.2419544730053076
56RVEOD1.igc,183851,32.77008333333333,-103.20413333333333,1729,18,3688.4,2495.98,3692.9843111905857,-4.584311190585595
43DV66G1.igc,191204,28.44645,-81.86816666666667,410,4,120.32,1411.84,104.18673846192827,16.13326153807172
75EV6XB1.igc,192244,43.67491666666667,-93.3769,730,7,1212.27,1110.56,1214.0092211940944,-1.739221194094398
95GV7H22.igc,192427,43.67563333333333,-93.36703333333334,410,3,1257.83,-1.27,1258.7223806203224,-0.8923806203224558
43PVAP11.igc,213451,28.51096666666667,-81.92445,360,3,97.29,1123.18,97.85314557552628,-0.5631455755262778
13CVAAW1.igc,173837,28.4033,-81.83785,-98,0,110.43,-87.47,111.43277993067825,-1.0027799306782441
376v1i31.igc,213337,47.31283333333333,-119.51648333333333,410,3,1256.56,3.28,1260.4354901305223,-3.875490130522394
174c48r6.igc,165301,41.576,-74.446,813,8,967.12,1801.91,941.7470597586083,25.37294024139169
38KV7SK1.igc,181811,29.214,-99.74608333333333,255,2,933.04,-80.03,934.3504516347778,-1.3104516347777917
851V7CD1.igc,211347,28.251066666666667,-82.1501,94,1,88.57,528.23,85.7327393576208,2.837260642379192
183VAGO1.igc,184609,30.194266666666667,-95.96361666666667,73,0,307.68,-91.15,310.14553571862007,-2.4655357186200604
14IV1WZ7.igc,203624,33.6163,-81.34206666666667,469,3,410.15,892.34,383.4012422065034,26.748757793496566
26oc4ky1.igc,162725,41.58515,-74.446,735,7,1125.74,1439.88,1083.4249207358691,42.31507926413087
373v1i31.igc,211638,47.31268333333333,-119.51648333333333,382,3,1256.56,-6.56,1260.339171525078,-3.779171525078027
16AVAGO1.igc,173659,31.99305,-83.7709,49,0,300.3,-87.05,304.40379038068477,-4.103790380684757
16LVAHZ143.igc,203016,41.773183333333336,-122.47018333333334,814,7,2630.67,-94.59,2639.682483787422,-9.012483787421843
16DVAHZ2.igc,200937,41.790333333333336,-122.46581666666667,819,7,2644.63,-79.01,2652.7677969390916,-8.137796939091459
2023-08-02-XNA-150763-02.igc,192405,30.310166666666667,-96.01145,361,3,310.99,981.66,311.0403626009291,-0.05036260092907696
43PV7H31.igc,212612,28.64555,-81.89116666666666,261,2,85.3,856.3,91.22749305051329,-5.9274930505132915
63BVJZT1.igc,184811,28.408083333333334,-81.8377,-43,0,116.68,1.43,117.48396881526115,-0.8039688152611433
36UVAP11.igc,203402,47.31268333333333,-119.51651666666666,367,3,1256.56,-68.9,1260.273490643711,-3.7134906437111113
64IV7TG1.igc,175843,33.62756666666667,-81.33708333333334,18,1,419.04,-2.37,419.9806107490904,-0.9406107490903537
73HV7DX3.igc,175811,28.404016666666667,-81.83781666666667,-119,0,110.97,-19.1,111.48438096907488,-0.5143809690748782
187VAGO1.igc,175622,30.202733333333335,-95.96295,47,0,288.04,-87.91,287.92692590329386,0.11307409670615698
376g8nh1.igc,212534,47.3124,-119.51728333333334,391,3,1256.56,-82.02,1258.870763338325,-2.3107633383251596
13FVEOY1.igc,173142,28.409233333333333,-81.83756666666666,-36,0,115.82,-83.01,115.93375990082507,-0.11375990082507315
18GV7H21.igc,174857,29.216683333333332,-99.7464,249,2,936.81,-87.07,939.4685540262473,-2.658554026247316
35MV7H21.igc,182154,43.685516666666665,-93.36983333333333,310,3,1252.21,-123.61,1255.7327992746557,-3.522799274655654
572x20f1.igc,210813,32.772016666666666,-103.21518333333333,1111,11,3692.59,-63.98,3698.3252880281643,-5.735288028164177
18FV7H21.igc,175901,29.2153,-99.74673333333334,223,2,936.57,-73.71,937.0079240262473,-0.43792402624728766
04KC4A41.igc,171656,33.68866666666667,-81.3935,1129,11,501.05,3317.84,498.47376658764296,2.5762334123570554
56KV1JE2.igc,204306,47.31288333333333,-119.5164,368,3,1256.56,-3.28,1260.7090269601417,-4.149026960141782
2022-03-17-NAV-8RQ-01.igc,184548,28.467533333333332,-81.6971,271,2,119.97,778.98,119.23477474399036,0.7352252560096417
2018-03-09-NAV-8J3-01.igc,184615,28.429833333333335,-81.82953333333333,525,5,116.03,1806.54,110.786233778099,5.243766221900998
94LV7CD1.igc,174827,33.63013333333333,-81.32631666666667,66,1,422.42,-25.44,426.6220389504612,-4.202038950461201
781V20M3.igc,173456,29.215066666666665,-99.74558333333333,239,2,934.61,-12.69,936.0236119507862,-1.4136119507861622
56FV77I1.igc,202552,47.30903333333333,-119.52148333333334,391,3,1254.92,-21.33,1259.592652265625,-4.672652265624947
467V7SK1.igc,183922,38.99825,-119.74888333333334,1405,14,4708.13,-52.62,4713.685995037422,-5.555995037421781
16RVAAW1.igc,202300,39.72958333333333,-111.87006666666667,1457,15,5016.4,-55.77,5018.987140414014,-2.587140414014357
38EV7801.igc,213050,29.220033333333333,-99.7339,838,8,953.5,1900.83,953.54328553635,-0.04328553635002663
14KV7CD3.igc,202238,33.63613333333333,-81.43013333333333,344,3,392.69,765.45,368.2354421641112,24.454557835888806
56NV1IB1.igc,181751,32.74048333333333,-103.15401666666666,1595,17,3640.88,2025.13,3641.11323756877,-0.23323756876970947
44OVAUO1.igc,191039,33.30048333333333,-80.70691666666667,231,2,137.0,670.08,137.91790600129937,-0.9179060012993716
53GV1OL1.igc,165438,28.404166666666665,-81.83781666666667,-31,0,110.97,-12.54,111.6436646126234,-0.6736646126233978
16IVABZ1.igc,203028,41.77336666666667,-122.47021666666667,789,7,2629.62,-64.0,2639.488645096836,-9.86864509683619
36AV8KR1.igc,214334,31.993033333333333,-83.63021666666667,342,3,409.29,640.58,407.39058248859794,1.8994175114020777
18kljal1.igc,220449,30.795416666666668,-98.66686666666666,434,4,1121.33,358.33,1123.5233976784693,-2.1933976784694096
53JV1OL1.igc,170024,28.40438333333333,-81.83773333333333,3,0,112.36,12.31,112.09664740927107,0.26335259072892825
2024-06-08-XNA-150763-01.igc,193240,31.955866666666665,-83.80558333333333,358,3,306.03,921.01,311.0661693799701,-5.036169379970147
83DV7RZ1.igc,195845,28.4516,-81.65681666666667,225,2,105.9,776.65,104.26922753937109,1.6307724606289185
18KVAA21.igc,182002,29.216033333333332,-99.7461,286,2,936.74,-77.16,938.3530804406835,-1.6130804406834613
2024-06-18-NAV-180741-02.igc,200926,32.77278333333334,-103.216,1170,11,3695.72,-34.3,3699.7806801843167,-4.06068018431688
172VACN1.igc,195608,39.7427,-111.87011666666666,1463,15,4990.16,-52.49,4992.808904746914,-2.6489047469140132
17TVAGO1.igc,180737,30.202866666666665,-95.96296666666667,43,0,289.28,-92.43,287.69176132227784,1.5882386777221313
161V7VE1.igc,194435,39.000616666666666,-119.75208333333333,1360,14,4703.08,-73.82,4709.599763285928,-6.519763285928093
43BV1OL1.igc,190407,28.403733333333335,-81.83788333333334,50,0,111.78,12.89,110.91732019633577,0.8626798036642356
382V8101.igc,201106,30.7516,-96.00068333333333,273,3,373.43,679.72,358.88460261291584,14.545397387084165
26JV23H1.igc,201717,41.25398333333333,-74.80685,391,4,639.27,705.87,638.4945871017736,0.7754128982263637
46IV6WG1.igc,195049,32.77183333333333,-103.21536666666667,1156,11,3692.88,-54.43,3698.111825170283,-5.231825170282718
2023-08-01-XNA-150763-01.igc,224804,30.204183333333333,-95.98136666666667,303,3,334.43,722.0,335.43382551734663,-1.0038255173466268
794V23H1.igc,172800,41.6247,-74.45241666666666,746,7,532.69,1964.02,529.0747483903651,3.6152516096349245
169VAGO1.igc,170220,31.98685,-83.77943333333333,14,0,302.71,-86.17,306.37576865901116,-3.665768659011178
367V8J41.igc,191911,32.39816666666667,-83.37845,351,2,345.72,599.17,346.5698633441723,-0.8498633441722632
2023-03-09-NAV-160520-01.igc,210706,28.4126,-81.8468,591,6,146.43,1920.5,108.35367584592645,38.07632415407356
18LVAA21.igc,175946,29.216633333333334,-99.7464,274,2,936.81,-70.67,939.5012943422557,-2.6912943422557873
2024-08-04-NAV-150465-01.igc,183127,30.207333333333334,-95.96506666666667,379,4,288.09,1057.05,290.8248694048207,-2.7348694048206994
35FVABC1.igc,185346,41.03645,-77.21953333333333,544,5,1300.56,651.54,1297.7785741043724,2.7814258956275353
94OV7R11.igc,205156,33.659666666666666,-81.76011666666666,276,2,519.49,422.11,517.6576895178014,1.8323104821986362
38EV7SK1.igc,183843,29.21575,-99.74596666666666,253,2,935.6,-82.58,937.6311915101028,-2.031191510102758
46RVAAW1.igc,194921,32.77276666666667,-103.21638333333334,1110,11,3695.92,-67.31,3699.6320972202443,-3.7120972202442317
47EV67W1.igc,180610,32.38503333333333,-97.0115,173,1,668.41,-18.8,671.6606775594139,-3.25067755941393
44OVABC1.igc,202231,33.32236666666667,-81.07698333333333,242,2,239.34,600.56,239.83685818002854,-0.4968581800285392
38PLNKB1.igc,191906,34.982366666666664,-106.00318333333334,1761,19,6190.45,59.55,6193.168618046875,-2.7186180468752354
43JV40R1.igc,180333,28.4405,-81.80066666666667,763,7,120.22,2488.04,122.51316172225832,-2.2931617222583185
483V7EO1.igc,170312,30.202633333333335,-95.96295,32,0,288.04,-68.23,287.8477784401312,0.19222155986881262
358V6YH1.igc,165125,34.61116666666667,-80.44985,130,1,500.46,34.32,502.7904821588487,-2.3304821588487243
43PVAUR1.igc,210132,28.681866666666668,-82.07653333333333,330,3,76.18,1032.74,77.21423724119673,-1.0342372411967204
36uv1i31.igc,193442,47.31248333333333,-119.51648333333333,356,3,1256.56,-9.84,1260.0730438164305,-3.5130438164305815
73BVEOY1.igc,181502,28.405383333333333,-81.83778333333333,-36,0,112.0,-16.85,113.21961772735835,-1.2196177273583544
2024-06-25-NAV-180741-01.igc,223550,33.6583,-102.93503333333334,1561,15,3878.29,1226.69,3877.012522049961,1.277477950039156
47FLNKB1.igc,184004,32.37968333333333,-97.01218333333334,153,1,650.94,-30.86,654.042182284336,-3.1021822843359814
23DV7H21.igc,213842,28.260733333333334,-81.71571666666667,33,1,157.42,308.46,129.044379211441,28.37562078855899
56KV7FH1.igc,202833,47.3122,-119.51751666666667,345,3,1255.79,-5.79,1258.4613592012083,-2.671359201208361
13DC4A41.igc,171519,28.3945,-81.80141666666667,789,9,115.95,2853.21,112.68863888490772,3.261361115092285
16IVAHZ2.igc,204113,41.77295,-122.47033333333333,800,7,2628.26,-102.01,2638.4926185984277,-10.232618598427507
2023-06-26-NAV-150942-01.igc,202120,47.31251666666667,-119.51673333333333,384,3,1256.56,-78.74,1259.723513408264,-3.1635134082639524
56IV1JE4.igc,204119,47.3128,-119.51651666666666,403,3,1256.56,6.56,1260.3813234293139,-3.8213234293139067
369VAGO1.igc,201156,31.1238,-83.4601,260,2,287.37,408.17,227.23829440745197,60.13170559254803
94OV7S12.igc,203818,33.1899,-81.19088333333333,421,4,255.86,1204.11,204.54409896010912,51.31590103989089
26HVA9T1.igc,181047,41.82205,-74.34705,661,5,1017.07,898.94,936.4055823074973,80.66441769250275
13IC4A41.igc,171600,28.4163,-81.86708333333333,1355,14,122.48,4775.81,105.89409713861099,16.585902861389016
86FV2291.igc,171523,41.59478333333333,-74.46263333333333,171,1,545.04,-3.7,548.1542427279431,-3.1142427279431786
2024-08-03-XNA-150763-01.igc,203821,30.14295,-96.01653333333333,784,8,237.27,2456.3,236.8595419364605,0.4104580635395223
2021-07-28-NAV-8O1-01.igc,182212,30.178166666666666,-95.98396666666666,552,5,310.34,1585.98,307.5740442058862,2.765955794113779
18JVAA22.igc,183308,29.216533333333334,-99.74636666666666,273,2,936.81,-77.23,939.5012943422557,-2.6912943422557873
38QLNKB1.igc,191121,34.98235,-106.00301666666667,1769,18,6190.45,20.18,6193.124163304639,-2.674163304639478
462V8KR1.igc,170537,31.981333333333332,-83.81338333333333,565,6,338.09,1692.75,280.7990737231029,57.290926276897096
18JV7H21.igc,184212,29.216733333333334,-99.74643333333333,247,2,937.06,-47.95,939.5668750956667,-2.5068750956667145
16RV2751.igc,201210,39.82236666666667,-111.91226666666667,3635,38,5359.86,7199.19,5354.682112504677,5.177887495322466
461VAKJ1.igc,233102,38.99093333333333,-119.70555,1951,19,4862.34,1627.16,4864.380759360967,-2.0407593609670585
659LQAB1.igc,193623,34.85711666666667,-80.32705,321,3,406.71,810.48,363.7645116962383,42.94548830376169
38ev8mv1.igc,212828,29.190883333333332,-99.73156666666667,951,10,914.58,2431.88,911.1548888059057,3.42511119409437
483V8101.igc,192400,30.1514,-95.99545,623,6,280.64,1933.93,262.47991565657486,18.160084343425126
373g8nh1.igc,211928,47.31285,-119.51678333333334,362,3,1256.56,-65.62,1259.9799291546583,-3.419929154658348
13HV7CD1.igc,205022,28.27735,-81.93655,67,0,110.94,115.43,112.64852699057953,-1.7085269905795286
16GVABZ1.igc,204809,41.773066666666665,-122.47038333333333,728,7,2628.32,-85.67,2638.886303378086,-10.56630337808565
14KVAGO2.igc,181533,33.630266666666664,-81.32573333333333,95,0,426.73,-108.49,429.3063443808472,-2.5763443808471607
43PVABC1.igc,211453,28.5942,-82.1505,339,3,111.92,1029.81,67.0731621036902,44.84683789630981
73FV6TG1.igc,174609,28.404683333333335,-81.83785,-52,0,112.4,2.43,112.43278633078869,-0.03278633078868154
397_KevinRAnderson.igc,211821,35.38635,-84.5049,370,3,976.31,316.34,976.45790241135,-0.14790241135006
2024-06-07-NAV-180804-01.igc,164644,32.06571666666667,-83.73815,347,3,364.46,721.5,343.13005258777287,21.329947412227114
33fz5ay1.igc,163816,28.40465,-81.83763333333333,-67,0,111.32,19.91,112.42626579908396,-1.106265799083971
468V8KR1.igc,192626,31.6922,-83.52923333333334,280,2,384.89,543.59,385.2689420792619,-0.37894207926188983
363VAUO1.igc,165422,31.9894,-83.81498333333333,499,4,305.58,1216.73,307.40080588013257,-1.820805880132582
08HVJP71.igc,180111,29.216683333333332,-99.7464,224,2,936.81,-14.9,939.4685540262473,-2.658554026247316
43KVAP11.igc,201320,28.035166666666665,-81.60311666666666,301,3,167.62,892.09,164.6836150795868,2.936384920413218
25TV18Y1.igc,172357,42.937866666666665,-85.06061666666666,278,2,799.65,7.44,804.2956031390332,-4.6456031390332555
44QV8KR1.igc,173752,33.605383333333336,-81.3355,375,4,353.96,1145.38,351.74914106568343,2.2108589343165477
362V7801.igc,210210,32.002766666666666,-83.7901,537,4,343.83,1280.19,313.7972073577833,30.03279264221669
18GLJAL1.igc,223232,30.449883333333332,-98.30563333333333,2197,23,1276.97,6390.35,1266.6631588304638,10.306841169536256
374v1i31.igc,205407,47.312583333333336,-119.51681666666667,408,3,1256.56,-6.56,1259.6558300629222,-3.095830062922232
03CVA972.igc,171700,28.405816666666666,-81.83781666666667,-9,0,113.05,-93.36,113.821296129158,-0.7712961291580029
178VACN1.igc,194353,39.73793333333333,-111.86995,1491,15,5000.0,-26.25,5002.905737904658,-2.9057379046580536
2019-08-04-CNI-22M-01.igc,201222,29.2122,-99.7441,295,2,930.39,-77.37,931.8569811940943,-1.4669811940942736
43BV66G1.igc,212058,28.180766666666667,-81.63856666666666,264,2,154.15,675.9,152.82153320721804,1.3284667927819669
16HV7VE1.igc,213816,47.30611666666667,-119.52443333333333,421,4,1256.96,245.66,1260.1128928859473,-3.152892885947267
46HV6WG1.igc,194803,32.7709,-103.21395,1173,11,3692.59,-50.85,3696.1421997890143,-3.5521997890141392
073a11h1.igc,191129,47.31105,-119.5185,377,3,1254.92,-8.2,1258.0112048856224,-3.0912048856223464
173V7SY1.igc,200017,39.742066666666666,-111.88885,1862,19,4962.22,1438.7,4965.053526998506,-2.8335269985054765
33HVABX1.igc,172115,28.409883333333333,-81.83735,300,3,114.46,991.19,115.31863994675804,-0.8586399467580463
63BV7RZ1.igc,180519,28.40865,-81.8376,-40,0,115.84,-1.01,116.32651853872143,-0.4865185387214268
13DVAGO2.igc,180442,28.403283333333334,-81.83773333333333,-66,0,110.43,-84.19,111.36265608000909,-0.9326560800090817
2024-03-19-NAV-170863-01.igc,174838,28.430683333333334,-81.84416666666667,813,8,115.67,2653.36,110.85918610982979,4.810813890170209
46OVAAW1.igc,184921,32.771683333333335,-103.21513333333333,1087,11,3692.59,-70.54,3697.6272284421775,-5.037228442177366
369VAUO1.igc,202737,31.576116666666667,-83.20971666666667,509,4,318.71,1223.28,318.33274237824844,0.3772576217515393
178V7R12.igc,230904,39.19761666666667,-111.37728333333334,2763,29,8002.13,1512.31,7967.595232715665,34.53476728433543
36IV2291.igc,172122,41.5945,-74.46288333333334,197,1,543.44,-100.53,548.0266856536513,-4.586685653651216
38SLNKB1.igc,200145,34.98231666666667,-106.00385,1783,18,6190.48,20.15,6193.891508207803,-3.4115082078033083
46D_057.igc,202243,39.47045,-84.1148,967,9,892.71,2335.63,819.4017046722973,73.3082953277027
08GV23H1.igc,165321,42.57216666666667,-77.70625,546,5,644.95,1241.53,646.3031024435097,-1.3531024435096697
183VAEQ1.igc,184836,30.194483333333334,-95.96366666666667,85,0,307.68,-91.15,310.3648057256367,-2.684805725636693
46LVAAW1.igc,194544,32.7716,-103.21501666666667,1032,11,3692.59,-57.41,3697.583975179639,-4.99397517963871
44NVABC1.igc,212540,33.2759,-81.38648333333333,750,8,259.03,2388.61,258.1346399204132,0.8953600795867942
171V0XL1.igc,204407,39.741566666666664,-111.87003333333334,1483,15,4991.8,-54.13,4995.173816879677,-3.373816879677179
18HVACN1.igc,195326,29.212433333333333,-99.74425,344,3,932.13,104.62,931.9225619507862,0.20743804921380615
47DV67W1.igc,180257,32.384166666666665,-97.01163333333334,146,1,665.65,-12.76,668.8513681978625,-3.2013681978625073
38PV7SK1.igc,182026,29.213483333333333,-99.7458,266,2,931.99,-78.98,933.3004586812306,-1.310458681230557
187V6TG1.igc,175350,30.20245,-95.96296666666667,44,0,287.79,-90.94,288.0412416681068,-0.25124166810678616
44QVAUO1.igc,173827,33.636633333333336,-81.29836666666667,446,5,441.64,1290.65,438.6750309076793,2.9649690923207004
673V1JO1.igc,162621,43.345483333333334,-72.51506666666667,157,1,558.53,15.62,560.8302018015528,-2.3002018015528165
26HV23H1.igc,175458,41.606683333333336,-74.4434,571,5,742.1,934.41,669.2848019256431,72.81519807435689
45IV7EO1.igc,180818,39.476866666666666,-84.09085,253,2,935.85,-112.35,936.2068375734473,-0.3568375734472511
2024-06-01-XNA-150763-01.igc,165255,31.987433333333332,-83.79921666666667,590,6,318.05,1899.8,301.4628188922167,16.587181107783294
46PVAYE1.igc,223753,33.18735,-103.4499,1416,14,4101.23,616.62,4103.277943470244,-2.047943470244718
45OA24Dx.igc,201748,40.69685,-77.56723333333333,370,4,732.75,678.01,737.2086427967126,-4.458642796712638
174VAAW1.igc,192033,39.7434,-111.87008333333333,1467,15,4989.67,-48.72,4991.372736259355,-1.7027362593553335
16RV6GY1.igc,201535,39.84178333333333,-111.86568333333334,3415,36,4874.08,6976.32,4877.098019292197,-3.0180192921970956
46SVAAW1.igc,191148,32.77165,-103.21511666666666,1138,11,3692.59,-70.54,3697.6949117875197,-5.104911787519541
176VAAW1.igc,192126,39.730133333333335,-111.87005,1447,15,5014.76,-50.85,5017.9114157765725,-3.151415776572321
86FV6O12.igc,170809,41.59576666666667,-74.46166666666667,167,1,544.62,13.12,548.2156683663916,-3.5956683663915783
464V7SK1.igc,205046,38.9982,-119.74871666666667,1372,14,4709.1,-70.0,4713.756882329717,-4.656882329716609
46NVAAW1.igc,193030,32.772333333333336,-103.21581666666667,1070,11,3693.09,-71.05,3698.759823110967,-5.669823110966718
38EVAAW1.igc,220117,29.204116666666668,-99.72276666666667,814,8,960.07,1864.74,960.7940140262473,-0.7240140262472323
13JC4A41.igc,174051,28.46216666666667,-81.89183333333334,1043,11,128.4,3697.06,105.43095182523393,22.969048174766073
18GVACN1.igc,173549,29.217,-99.74661666666667,269,2,937.76,-65.06,940.3215043422557,-2.5615043422557164
55JV2JT1.igc,180442,43.67743333333333,-93.36753333333333,266,3,1253.46,3.11,1255.3421181926,-1.8821181926000463
38HVAQD1.igc,181945,29.216416666666667,-99.74628333333334,274,2,936.33,-86.59,939.1076095593165,-2.7776095593164882
16PVA9T1.igc,163622,41.60015,-74.45741666666666,59,1,535.21,-108.7,539.6009102232654,-4.390910223265337
43fC3CB2.igc,155928,28.405566666666665,-81.83765,-31,0,112.92,51.12,113.46703489406835,-0.5470348940683465
33HV8KR1.igc,205353,28.395433333333333,-81.82908333333333,433,4,139.51,1281.09,111.4736427469465,28.036357253053495
43bC3CB1.igc,193558,28.403833333333335,-81.8379,53,0,111.78,58.82,110.81943716498827,0.9605628350117286
38HV7SK1.igc,182012,29.214033333333333,-99.7461,276,2,933.35,-80.33,934.3175110727001,-0.9675110727000629
14IVABC1.igc,194310,33.6545,-81.31031666666667,579,5,450.82,1330.67,423.21524384800546,27.604756151994536
08JVJP71.igc,180212,29.21665,-99.7464,274,2,936.81,-1.77,939.5012943422557,-2.6912943422557873
54NV1OL1.igc,181752,33.629866666666665,-81.3276,129,1,419.93,-6.54,422.9702421570946,-3.0402421570946103
54OV7DX1.igc,195816,33.66138333333333,-81.34726666666667,279,3,441.41,628.14,410.57542928342644,30.83457071657358
83EV66G1.igc,185017,28.422166666666666,-81.83626666666666,210,2,128.81,704.52,109.6658916982848,19.144108301715207
13JVAAW2.igc,175757,28.4034,-81.83783333333334,-3,0,110.56,-94.15,111.49886130090309,-0.9388613009030848
25uz1fy2.igc,182445,42.93756666666667,-85.0618,270,2,799.54,40.35,803.5848278964721,-4.044827896472157
989VA971.igc,181814,29.216283333333333,-99.74625,287,2,936.33,-7.85,938.9435074871362,-2.6135074871361894
56JV77I1.igc,202022,47.31276666666667,-119.51648333333333,373,3,1256.56,-22.97,1260.3813234293139,-3.8213234293139067
46IV8KR1.igc,231321,32.76991666666667,-103.22221666666667,1685,16,3700.47,1827.74,3701.480373175058,-1.0103731750582483
181VAEQ1.igc,165205,30.20065,-95.96303333333333,49,0,290.35,-70.53,291.9813935395985,-1.6313935395984913
864V6TG2.igc,204819,31.936433333333333,-83.60853333333333,287,3,415.92,610.98,417.26416573762344,-1.3441657376234275
23IV7EO1.igc,173321,28.403233333333333,-81.83775,-25,0,110.43,-84.19,111.29880244935684,-0.8688024493568349
35RV8I72.igc,191752,32.43213333333333,-111.38288333333334,624,5,2037.27,-91.74,2039.4882093843553,-2.218209384355305
43QVABC1.igc,224156,28.160216666666667,-81.81021666666666,380,3,114.83,1122.05,132.85906408416707,-18.029064084167075
38FV7SK2.igc,181626,29.21625,-99.74623333333334,236,2,936.33,-89.87,938.7466650956666,-2.4166650956665308
44QV83L1.igc,174402,33.61125,-81.32488333333333,300,3,398.61,825.14,390.3005880047103,8.309411995289736
35SV6WG1.igc,182451,32.43131666666667,-111.38615,623,5,2046.57,-104.31,2048.5071151913335,-1.9371151913335325
18D_JP.igc,182535,29.188666666666666,-99.73901666666667,518,6,912.13,1059.66,911.3845716347777,0.7454283652223239
2018-03-13-NAV-8J3-01.igc,205321,28.167733333333334,-81.80066666666667,142,1,165.33,313.67,162.38572297521438,2.9442770247856345
23HV7EO1.igc,173649,28.403083333333335,-81.8379,-29,0,110.34,-93.93,111.44739792983367,-1.1073979298336667
339VAGO1.igc,172201,28.404633333333333,-81.8377,-44,0,112.4,-89.44,112.62071774756363,-0.22071774756362572
16EV7VE1.igc,205627,47.3127,-119.51676666666667,379,3,1256.56,-62.34,1259.7763785051,-3.2163785051000104
16GV7EK1.igc,195327,47.3122,-119.5171,260,3,1256.56,-72.18,1258.8367214179443,-2.2767214179443727
03CV2RN1.igc,180217,28.405733333333334,-81.83783333333334,-14,0,113.48,-15.06,113.55891053021048,-0.07891053021047867
35PV7SY1.igc,175156,40.67086666666667,-77.63981666666666,515,5,823.07,1007.64,823.6375706838293,-0.5675706838292172
43QV7H31.igc,222324,28.216066666666666,-81.99571666666667,335,3,152.22,1012.48,111.03771845478168,41.182281545218316
45KV7EO1.igc,174347,39.47683333333333,-84.09095,234,2,935.66,-108.88,936.266010439514,-0.6060104395140797
16IV23H1.igc,162349,41.595083333333335,-74.46683333333333,415,4,606.22,814.39,564.8102528048986,41.40974719510143
13FVAGO2.igc,165925,28.403483333333334,-81.83773333333333,-36,0,110.56,-87.59,111.38784960115649,-0.8278496011564869
63CV7H21.igc,175524,28.378683333333335,-81.79441666666666,483,6,149.78,1822.0,113.83324834738823,35.946751652611766
83BV6TG1.igc,165106,28.4036,-81.83791666666667,19,0,110.56,4.27,110.65576061447503,-0.09576061447502582
38AV8101.igc,222442,30.1877,-95.97481666666667,765,7,318.41,2220.96,312.6628104710889,5.747189528911122
16TVACN1.igc,181028,39.734966666666665,-111.87003333333334,1465,15,5005.41,-61.19,5008.879894434414,-3.4698944344145275
